"Data Source","ตัวชี้วัดด้านการพัฒนาโลก",

"Last Updated Date","2022-02-15",

"Country Name","Country Code","Indicator Name","Indicator Code","1960","1961","1962","1963","1964","1965","1966","1967","1968","1969","1970","1971","1972","1973","1974","1975","1976","1977","1978","1979","1980","1981","1982","1983","1984","1985","1986","1987","1988","1989","1990","1991","1992","1993","1994","1995","1996","1997","1998","1999","2000","2001","2002","2003","2004","2005","2006","2007","2008","2009","2010","2011","2012","2013","2014","2015","2016","2017","2018","2019","2020",
"ประเทศไทย","THA","การส่งออกเทคโนโลยีขั้นสูง (คิดเป็น % ของสินค้าส่งออกที่ผลิตขึ้น)","TX.VAL.TECH.MF.ZS","","","","","","","","","","","","","","","","","","","","","","","","","","","","","","","","","","","","","","","","","","","","","","","","27.8905588778532","26.3273810517102","27.4714689754409","26.2691544197936","22.6750196257899","22.8279966063599","22.116896414647","22.6346873981223","23.9066341351687","24.1513101785141","25.0936016544731","23.7003331586282","23.5390517158616","27.6672245988371",
"ประเทศไทย","THA","ดัชนีเงื่อนไขการแลกเปลี่ยนสินค้า (2000 = 100)","TT.PRI.MRCH.XD.WD","","","","","","","","","","","","","","","","","","","","","151.5625","132.3943662","120.2898551","129.2307692","126.5625","118.0327869","130.5084746","129.2307692","127.3972603","122.0779221","118.5185185","117.6470588","120","119.7674419","121.5909091","116","114.4144144","115.0943396","108.1632653","107.3684211","100","92.01550673","92.06180704","94.17322733","95.85947356","96.6995546","95.62520429","95.93288288","94.06583669","98.77008352","99.03873718","94.24861269","92.93948688","94.47991028","94.3951336","100.5846212","103.0448118","101.2758758","99.10276784","99.18050384","102.3561776",
"ประเทศไทย","THA","การค้าสินค้า (คิดเป็น % ของจีดีพี)","TG.VAL.TOTL.GD.ZS","31.1872059566438","31.772780333204","30.4329567383224","30.5049978979371","32.8608202594967","31.078135737445","29.7012965384918","31.0013647851529","29.8799076296133","29.1994282938063","28.3495251979292","28.7322032961793","31.365079604789","33.3346023863313","40.772092124965","36.8749105782186","38.5747338886265","40.9872633623154","39.3267340146344","45.506857145989","48.5852498122018","48.7457596902647","42.3424039137358","41.5929682345995","42.6125016710367","42.0635183056507","41.8917937532888","48.9300194830541","58.7638162542023","63.4566688230313","65.7499243551987","67.1829840922455","65.6403019572095","64.4320263918961","67.9831069450732","75.1570987767017","69.9608926112253","80.0362926367904","85.7246703631757","85.9112684907552","103.555413304614","105.514312663365","98.8474747251879","102.539601485001","110.27338752153","121.020365086676","116.566153618699","111.748015635444","122.520191915486","101.569194173482","110.296594410049","121.720523608315","120.289550658224","113.936276366112","111.752248760119","103.903987455142","99.0855200287697","100.393779148415","98.9236180357579","88.6571850823815","87.4046740007158",
"ประเทศไทย","THA","จำนวนประชากรทั้งหมด","SP.POP.TOTL","27397208","28224186","29080945","29966873","30881136","31822656","32789129","33778804","34791418","35827089","36884525","37963280","39058594","40159581","41252320","42326307","43377270","44405903","45413082","46401750","47374463","48326269","49255889","50173922","51094870","52026901","52980105","53945872","54891520","55772169","56558196","57232471","57811025","58337773","58875275","59467272","60130190","60846588","61585103","62298569","62952639","63539190","64069093","64549867","64995303","65416189","65812540","66182064","66530980","66866834","67195032","67518379","67835969","68144519","68438748","68714519","68971313","69209817","69428454","69625581","69799978",
"ประเทศไทย","THA","การเติบโตของประชากร (% ต่อปี)","SP.POP.GROW","","2.97381595468494","2.99038787598069","3.00093895154869","3.00529738306824","3.00329768975859","2.99185385849553","2.97364776602013","2.95372419845398","2.9333536077394","2.90878031403426","2.88272903631054","2.84435521441065","2.77981131651877","2.68463115612719","2.5701454013539","2.45267635546546","2.34368398599217","2.24278022683618","2.15369607183752","2.07461542077609","1.98919562035635","1.90536496242422","1.8466475574606","1.81886911322622","1.80768109563905","1.81555539848505","1.8064707762848","1.73777004407566","1.59161075970271","1.39951442247137","1.18512863972661","1.00580892891292","0.907028949706726","0.917143230790173","1.00048875595628","1.10859340686871","1.18437006855948","1.20642613247629","1.15184491499646","1.0444225744895","0.927419911266926","0.830519827451946","0.747597771296771","0.687694887393632","0.645476031073619","0.604063162436286","0.559909199584795","0.525821416507964","0.503538550690529","0.489622687570703","0.480052607326658","0.469272819846721","0.453815887976248","0.430842608467137","0.402136059408841","0.373014846949147","0.345205219913361","0.315406676202042","0.283525943067606","0.250165166562935",
"ประเทศไทย","THA","อัตราการเจริญพันธุ์ทั้งหมด (จำนวนการคลอดต่อผู้หญิงหนึ่งคน)","SP.DYN.TFRT.IN","6.147","6.151","6.155","6.157","6.151","6.129","6.084","6.009","5.903","5.764","5.595","5.397","5.181","4.953","4.721","4.488","4.257","4.03","3.808","3.594","3.392","3.202","3.024","2.859","2.707","2.571","2.451","2.346","2.256","2.179","2.113","2.055","2.003","1.956","1.911","1.867","1.823","1.781","1.742","1.705","1.671","1.641","1.616","1.595","1.58","1.568","1.56","1.554","1.549","1.545","1.542","1.539","1.538","1.538","1.538","1.538","1.537","1.532","1.525","1.514","",
"ประเทศไทย","THA","อายุขัยเฉลี่ยเมื่อแรกเกิดทั้งหมด (ปี)","SP.DYN.LE00.IN","54.701","55.233","55.745","56.231","56.692","57.133","57.565","57.998","58.442","58.904","59.385","59.887","60.404","60.929","61.459","61.985","62.495","62.986","63.464","63.935","64.432","64.993","65.635","66.353","67.128","67.911","68.641","69.265","69.745","70.071","70.248","70.3","70.281","70.239","70.202","70.191","70.215","70.267","70.348","70.463","70.623","70.832","71.089","71.389","71.728","72.099","72.499","72.916","73.341","73.766","74.184","74.593","74.992","75.378","75.747","76.091","76.403","76.683","76.931","77.15","",
"ประเทศไทย","THA","อัตราการเสียชีวิตของทารก (ต่อการคลอดที่มีชีวิต 1,000 คน)","SP.DYN.IMRT.IN","101.4","98.3","95.1","92","89","86","83.1","80.1","77.1","74.2","71.2","68.3","65.5","62.7","60.1","57.6","55.2","53","50.9","48.9","46.9","45","43.2","41.5","39.8","38.1","36.5","34.9","33.4","31.8","30.3","28.9","27.5","26.2","25","23.8","22.7","21.6","20.6","19.6","18.7","17.8","17","16.2","15.5","14.8","14.1","13.4","12.8","12.2","11.7","11.2","10.6","10.2","9.7","9.3","8.9","8.5","8.1","7.7","7.4",
"ประเทศไทย","THA","ความชุกของการคุมกำเนิด (คิดเป็น % ของผู้หญิงที่มีอายุ 15-49)","SP.DYN.CONU.ZS","","","","","","","","","","","14.8","","","26.3","","33.3","","","53.4","53.4","","58.2","","","62.2","","","65.5","","66.2","","","","73.9","","","73.6","72.2","","","79.2","77.8","","","","71.5","76.7","","","79.6","","","79.3","","","","78.3","","","73","",
"ประเทศไทย","THA","อัตราการเจริญพันธุ์ในวัยรุ่น (จำนวนการคลอดต่อผู้หญิงที่มีอายุ 15-19 1,000 คน)","SP.ADO.TFRT","60.3506","60.3518","60.353","60.6068","60.8606","61.1144","61.3682","61.622","61.4022","61.1824","60.9626","60.7428","60.523","60.417","60.311","60.205","60.099","59.993","59.5364","59.0798","58.6232","58.1666","57.71","56.816","55.922","55.028","54.134","53.24","52.637","52.034","51.431","50.828","50.225","49.3276","48.4302","47.5328","46.6354","45.738","44.972","44.206","43.44","42.674","41.908","42.0144","42.1208","42.2272","42.3336","42.44","44.2646","46.0892","47.9138","49.7384","51.563","50.232","48.901","47.57","46.239","44.908","44.6888","44.4696","",
"ประเทศไทย","THA","การย้ายถิ่นฐานสุทธิ","SM.POP.NETM","","","0","","","","","0","","","","","395572","","","","","287226","","","","","339923","","","","","504404","","","","","-607538","","","","","715832","","","","","373746","","","","","59008","","","","","167314","","","","","97222","","","",
"ประเทศไทย","THA","การว่างงานทั้งหมด (คิดเป็น % ของกำลังแรงงานทั้งหมด)","SL.UEM.TOTL.ZS","","","","","","","","","","","","","","","","","","","","","","","","","","","","","","","","2.63000011444092","1.35000002384186","1.49000000953674","1.35000002384186","1.10000002384186","1.07000005245209","0.870000004768372","3.40000009536743","2.97000002861023","2.39000010490417","2.59999990463257","1.82000005245209","1.53999996185303","1.50999999046326","1.35000002384186","1.22000002861023","1.17999994754791","1.17999994754791","0.949000000953674","0.620000004768372","0.660000026226044","0.579999983310699","0.25","0.579999983310699","0.600000023841858","0.689999997615814","0.829999983310699","0.769999980926514","0.720000028610229","1.10000002384186",
"ประเทศไทย","THA","อัตราส่วนจำนวนคนยากจนที่เส้นความยากจนแห่งชาติ (% ของประชากร)","SI.POV.NAHC","","","","","","","","","","","","","","","","","","","","","","","","","","","","","","","","","","","","","","","","","42.3","","32.4","","26.8","","21.9","20","20.4","17.9","16.4","13.2","12.6","10.9","10.5","7.2","8.6","7.9","9.9","6.2","",
"ประเทศไทย","THA","ดัชนี GINI","SI.POV.GINI","","","","","","","","","","","","","","","","","","","","","","45.2","","","","","","","43.8","","45.3","","47.9","","43.5","","42.9","","41.5","43.1","42.8","","41.9","","42.5","","41.8","39.8","40.3","39.6","39.4","37.5","39.3","37.8","37","36","36.9","36.5","36.4","34.9","",
"ประเทศไทย","THA","อัตราส่วนจำนวนคนยากจนที่ $1.90 ในหนึ่งวัน (PPP) (% ของประชากร)","SI.POV.DDAY","","","","","","","","","","","","","","","","","","","","","","19.3","","","","","","","14","","9.2","","6.6","","3.1","","2.2","","1.5","2.5","2.4","","1.1","","0.7","","0.7","0.3","0.1","0.2","0.1","0","0.1","0","0","0","0","0","0","0.1","",
"ประเทศไทย","THA","ส่วนแบ่งรายได้จากอัตราที่ต่ำที่สุด 20 %","SI.DST.FRST.20","","","","","","","","","","","","","","","","","","","","","","5.4","","","","","","","6.1","","5.9","","5.4","","6.1","","6.2","","6.4","6.1","6.2","","6.3","","6.1","","6","6.5","6.4","6.5","6.6","7.2","6.6","6.9","7.1","7.5","7.3","7.3","7.2","7.7","",
"ประเทศไทย","THA","น้ำหนักเทียบกับอายุ ความชุกของภาวะทุพโภชนาการ (คิดเป็น % ของเด็กอายุน้อยกว่า 5 ปี)","SH.STA.MALN.ZS","","","","","","","","","","","","","","","","","","","","","","","","","","","","20.2","","","","","","16.3","","15.4","","","","","","","","","","","7","","","","","","9.2","","","","6.7","","","7.7","",
"ประเทศไทย","THA","การทำคลอดจากเจ้าหน้าที่ด้านการแพทย์ที่มีความเชี่ยวชาญ (คิดเป็น % ของทั้งหมด)","SH.STA.BRTC.ZS","","","","","","","","","","","","","","","","","","","","","","","","","","","","65.9","","","","","","","","","","","","","99.3","","","","","","96.9","","","99.4","","","99.6","99.6","","","99.1","","","","",
"ประเทศไทย","THA","การฉีดวัคซีนป้องกันโรคหัด (คิดเป็น % ของเด็กอายุ 12-23 เดือน)","SH.IMM.MEAS","","","","","","","","","","","","","","","","","","","","","","","","","5","26","45","52","63","66","80","79","74","80","86","91","92","93","96","96","94","94","94","96","96","96","96","96","98","98","98","98","98","99","99","99","99","99","96","96","",
"ประเทศไทย","THA","อัตราการเสียชีวิตของเด็กที่อายุต่ำกว่า 5 ปี (ต่อการเกิด 1,000 คน)","SH.DYN.MORT","146.6","141.6","136.5","131.6","126.8","122.1","117.5","112.8","108.1","103.5","98.9","94.3","89.8","85.5","81.3","77.4","73.7","70.2","66.9","63.8","60.8","58","55.4","52.8","50.4","48","45.7","43.5","41.3","39.2","37.1","35.1","33.3","31.5","29.9","28.4","27","25.6","24.3","23.1","22","20.9","19.9","18.9","18","17.2","16.4","15.6","14.9","14.2","13.6","13","12.4","11.8","11.3","10.8","10.3","9.9","9.4","9","8.7",
"ประเทศไทย","THA","ความชุกของการติดเชื้อเอชไอวีทั้งหมด (คิดเป็น % ของประชากรอายุระหว่าง 15-49 ปี)","SH.DYN.AIDS.ZS","","","","","","","","","","","","","","","","","","","","","","","","","","","","","","","0.7","1.1","1.5","1.8","2","2.1","2.2","2.2","2.2","2.2","2.1","2.1","2","1.9","1.8","1.8","1.7","1.7","1.7","1.6","1.6","1.5","1.5","1.4","1.4","1.3","1.3","1.2","1.2","1.1","1",
"ประเทศไทย","THA","การใช้จ่ายเพื่อการศึกษาของประชาชนทั้งหมด (คิดเป็น % ของจีดีพี)","SE.XPD.TOTL.GD.ZS","","","","","","","","","","","","3.06622004508972","3.02915000915527","2.55425000190735","2.14686989784241","2.38088011741638","3.01672005653381","3.21512007713318","","2.84528994560242","2.57453989982605","2.88314008712769","3.27388000488281","3.46387004852295","3.43722009658813","","3.40797996520996","3.11581993103027","2.75342011451721","2.5024299621582","","3.08859992027283","3.04540991783142","","3.4052300453186","3.14497995376587","3.49960994720459","4.57718992233276","4.62569999694824","4.83267021179199","5.25345993041992","4.81787014007568","3.86491990089417","3.72561001777649","4.03088998794556","3.93859004974365","4.05038022994995","3.60314989089966","3.50850009918213","3.86193990707397","3.5084400177002","4.80555009841919","4.53670978546143","4.12402009963989","3.72356009483337","3.75967001914978","3.63752007484436","3.3557300567627","3.05677008628845","2.96898007392883","",
"ประเทศไทย","THA","การลงทะเบียนเรียนในระดับมัธยม (เป็น % จากทั้งหมด)","SE.SEC.ENRR","","","","","","","","","","","","18.1250400543213","19.2917499542236","20.7710399627686","22.5245208740234","23.5262699127197","25.4201793670654","27.2728290557861","27.6752395629883","27.5774192810059","27.7804298400879","28.6206703186035","28.8844795227051","","30.3563404083252","30.6374397277832","30.1569595336914","29.2773094177246","28.1738204956055","27.9135608673096","28.5175399780273","30.2601890563965","33.4427909851074","37.5629997253418","42.537540435791","47.7938613891602","54.1887283325195","57.5036811828613","61.1395606994629","","","62.8620796203613","64.9384536743164","","68.3514862060547","73.6311569213867","74.1841506958008","79.3435363769531","79.2197723388672","80.8186874389648","82.4288482666016","85.0075988769531","83.7614593505859","81.999153137207","120.332298278809","120.651168823242","118.625907897949","116.733940124512","117.738807678223","115.152656555176","113.794387817383",
"ประเทศไทย","THA","การลงทะเบียนเรียนในระดับประถม (เป็น % จากทั้งหมด)","SE.PRM.ENRR","","","","","","","","","","","","82.7737884521484","84.1203536987305","84.5243835449219","84.9024200439453","84.3100967407227","83.681282043457","82.754508972168","82.390266418457","91.6526412963867","95.8425521850586","97.2955017089844","97.9914321899414","97.5208892822266","96.2019195556641","96.1374969482422","95.7758178710938","96.8726806640625","97.7937316894531","97.8066482543945","98.8384017944336","99.8592681884766","100.466339111328","99.7463302612305","98.4293518066406","95.5917587280273","91.6878204345703","92.2295379638672","93.5563507080078","97.2983016967773","97.6149368286133","97.082878112793","98.6697006225586","","101.420692443848","101.92333984375","101.81307220459","101.379493713379","100.828437805176","99.1733322143555","96.8581390380859","96.7558822631836","97.0294494628906","96.9178466796875","102.110877990723","100.650863647461","100.757530212402","99.6250305175781","99.7743606567383","101.052673339844","102.225120544434",
"ประเทศไทย","THA","อัตราการสำเร็จการศึกษาระดับประถมทั้งหมด (คิดเป็น % ของกลุ่มอายุที่เกี่ยวข้อง)","SE.PRM.CMPT.ZS","","","","","","","","","","","","","","","","37.5470314025879","39.602840423584","39.9192810058594","40.9652290344238","","","71.3830108642578","","","","","","","","","","","","","","","","","","88.4833526611328","84.8921813964844","86.8807678222656","","","","","","","","","","","","","","","","93.4525527954102","93.4204711914063","94.411376953125","95.0630798339844",
"ประเทศไทย","THA","สัดส่วนของเด็กหญิงต่อเด็กชายในการศึกษาระดับประถมและมัธยม (%)","SE.ENR.PRSC.FM.ZS","","","","","","","","","","","","0.872349977493286","","0.880370020866394","0.881359994411469","0.889079988002777","0.897449970245361","0.90693998336792","0.915189981460571","","","","","","","","","","","","","0.972239971160889","0.974089980125427","0.974720001220703","","","","","","","","0.976549983024597","0.985090017318726","","1.01288998126984","1.00288999080658","1.01591002941132","1.02389001846313","1.02392995357513","1.02934002876282","1.02680003643036","1.02875995635986","1.0271600484848","1.03692996501923","1.03778004646301","0.953830003738403","0.999880015850067","0.978410005569458","0.988979995250702","0.983179986476898","0.987200021743774",
"ประเทศไทย","THA","อัตราการรู้หนังสือในผู้ใหญ่ทั้งหมด (คิดเป็น % ของคนที่มีอายุตั้งแต่ 15 ปีและมากกว่า)","SE.ADT.LITR.ZS","","","","","","","","","","","","","","","","","","","","","87.9817581176758","","","","","","","","","","","","","","","","","","","","92.6465377807617","","","","","93.5064697265625","","","","","96.430908203125","","","93.7020721435547","","92.8683090209961","","","93.7677612304688","","",
"ประเทศไทย","THA","รายได้มวลรวมประชาชาติต่อหัวตาม PPP (เป็น $ ระหว่างประเทศปัจจุบัน)","NY.GNP.PCAP.PP.CD","","","","","","","","","","","","","","","","","","","","","","","","","","","","","","","4250","4710","5110","5650","6170","6730","7120","6930","6330","6700","7160","7430","7890","8500","9190","9800","10610","11470","11800","11760","12640","13190","14190","14420","14680","15010","15840","16640","17630","18530","17710",
"ประเทศไทย","THA","รายได้มวลรวมประชาชาติ วิธี Atlas (เป็น US$ ปัจจุบัน)","NY.GNP.PCAP.CD","","","110","120","130","140","160","170","180","190","210","210","220","260","330","380","420","450","530","610","710","760","760","760","790","790","830","950","1160","1320","1490","1660","1880","2130","2400","2740","2950","2680","2080","1980","1980","1960","1990","2180","2530","2790","3100","3530","3970","4140","4580","4950","5520","5720","5760","5710","5700","5970","6610","7260","7040",
"ประเทศไทย","THA","PPP ของจีเอ็นไอ (เป็น $ ระหว่างประเทศปัจจุบัน)","NY.GNP.MKTP.PP.CD","","","","","","","","","","","","","","","","","","","","","","","","","","","","","","","240642435043.945","269483193124.048","295629609000.154","329431505985.107","362995506647.312","400088709716.062","427872067577.973","421526127961.706","390070508095.311","417304859552.62","450671564866.598","472410646380.227","505623521730.043","548768048123.433","597376671485.302","640844957010.505","698598604388.131","758824844010.201","784949891090.161","786634662282.208","849519757323.526","890774204971.964","962565591015.47","982839168917.538","1004937827301.52","1031140794620.07","1092206862235.57","1151820944657.23","1224188708084.75","1289835169034.39","1236347188883.52",
"ประเทศไทย","THA","จีเอ็นไอ (รายได้มวลรวมประชาชาติ) วิธี Atlas (เป็น US$ ปัจจุบัน)","NY.GNP.ATLS.CD","","","3282279481.79137","3595888779.77655","3882772150.19722","4324260578.0863","5084449306.2914","5736755833.88544","6392420799.67786","6884709880.9358","7629891639.36658","7944432171.49204","8434591762.35969","10620834372.2265","13484314523.3705","16270063165.8476","18127328026.729","20100241581.8938","23865638504.1278","28185418122.7538","33623677571.2405","36677396026.1458","37591300983.8421","38346312324.2038","40501659341.2632","41326560044.0971","44170344511.8263","51341494971.8276","63778703537.6484","73580150600.2014","84268006689.6566","95088392075.2368","108715838810.377","124381548652.935","141154590359.155","162804132442.807","177584660402.975","163028833936.132","128202483367.841","123330169145.594","124591447712.291","124785714917.57","127269565776.724","140770429220.062","164632725534.637","182747037145.698","204129057641.258","233317327214.063","263926147845.622","276652866242.938","308009797808.573","334256150195.235","374726575231.195","389996590807.861","394296250508.107","392055010604.153","393271217720.176","412965294984.901","458590480493.955","505161010258.83","491524875368.582",
"ประเทศไทย","THA","จีดีพีต่อหัวตาม PPP (เป็น $ ระหว่างประเทศปัจจุบัน)","NY.GDP.PCAP.PP.CD","","","","","","","","","","","","","","","","","","","","","","","","","","","","","","","4308.9206193288","4778.90445920438","5230.04249563393","5743.4887735058","6277.41527368769","6860.49820038285","7299.58988588226","7140.45260526972","6589.59978561721","6910.33109946693","7302.89176455799","7648.85517154723","8179.39791825619","8863.74089898519","9608.54569481236","10256.3348319773","11024.8482113762","11869.6744503848","12244.8189389977","12191.4143933543","13195.3710969019","13519.1290212159","14870.9755534493","15407.6654018139","15480.2107903621","15822.3709934811","16616.1950047178","17422.9523512059","18530.2117879533","19233.8659169861","18232.7953533164",
"ประเทศไทย","THA","จีดีพีต่อหัว (เป็น US$ ปัจจุบัน)","NY.GDP.PCAP.CD","100.76747498819","107.498000971957","113.782849798549","118.143906991999","125.938694169401","137.91864667231","161.005521595517","166.923063418933","174.784753754061","186.879167529008","192.127686001108","194.266670952522","209.374780691917","269.887959183304","332.175269901396","351.619335819513","391.569389821531","445.420852493951","528.626755130957","589.885059996931","682.929972776379","721.05934481239","742.851232619121","798.080449924439","818.038933525859","747.703437345799","813.45150453102","936.780458315873","1123.43764273139","1295.46472202503","1508.94246991043","1716.41541952704","1927.88260333504","2209.36303047747","2491.42783631948","2846.58683404849","3043.98031418826","2468.18472987515","1845.82886964502","2033.25800929259","2007.7352707452","1893.26423865967","2096.18780236208","2359.11683054367","2660.12683458135","2894.06265596401","3369.54319807344","3973.01717157725","4379.65878719505","4213.00665375142","5076.33987220163","5492.12149993341","5860.58147053475","6168.26135569944","5951.88348654008","5840.05306687798","5993.30551610045","6593.81835157138","7296.87960772339","7817.00967118918","7186.87409206525",
"ประเทศไทย","THA","อัตราการเติบโตของจีดีพี (% ต่อปี)","NY.GDP.MKTP.KD.ZG","","5.36214630168787","7.55425444784086","7.99983078698784","6.83099614370542","8.18166153767717","11.1225184946389","8.61598233328198","8.12227025554289","6.55065988587748","11.4079490662098","4.89537376024299","4.27850803861051","10.2364330148798","4.46625338575453","4.97040522766497","9.32681108178437","9.84346323531113","10.2957465349385","5.37176651254237","5.17354100571934","5.90686776303639","5.35234875066743","5.58420246919084","5.75243025148993","4.64724035659331","5.53382776724771","9.5189460221079","13.2881140717644","12.1905059866109","11.1671634446293","8.5582603212423","8.08338802345332","8.25191591524627","7.99702466720433","8.12031534625378","5.65194446499471","-2.75357515314082","-7.63403528600102","4.57230775115542","4.45524704335014","3.44424900968372","6.14903605210036","7.18924330340971","6.28934214285795","4.18763842884337","4.96781089246107","5.43515169050809","1.72569884866334","-0.690618232300579","7.51339053261624","0.840132083053334","7.24279620249642","2.68749556320556","0.984468863619426","3.13404724911635","3.43515771692182","4.1776810321001","4.18958549566707","2.26643367175595","-6.09898384267129",
"ประเทศไทย","THA","จีดีพี (เป็น US$ ปัจจุบัน)","NY.GDP.MKTP.CD","2760747471.88624","3034043574.06071","3308912796.93487","3540403456.55305","3889129942.30769","4388937649.03846","5279230817.30769","5638461442.30769","6081009427.88461","6695336567.30769","7086538437.5","7375000024.03846","8177884552.88461","10838587357.7466","13703000530.0587","14882747955.0328","16985211146.0238","19779315170.0237","24006570178.1561","27371699082.7126","32353440726.8856","34846107862.3673","36589797857.4006","40042826244.2337","41797592963.4424","38900692712.1496","43096746122.4614","50535438696.4094","61667199834.7428","72250877410.3183","85343063965.9182","98234695722.0341","111452869378.467","128889318946.587","146683499005.964","169278753531.98","183035114648.4","150180619366.605","113675561057.462","126669064386.717","126392233706.79","120296476180.402","134300851255.002","152280677649.055","172895749632.046","189318549680.384","221758196504.936","262942476722.425","291382991177.698","281710416557.292","341104820155.464","370819140946.553","397558222957.17","420333203150.426","407339454060.678","401296437424.995","413366150655.591","456356961443.497","506611070188.362","544263840039.166","501643653514.925",
"ประเทศไทย","THA","ตัวหักลดจีดีพีของเงินเฟ้อ (% ต่อปี)","NY.GDP.DEFL.KD.ZG","","3.69863251011905","0.540499290557534","-1.16673681214564","2.67778345968976","4.31657267302027","8.24532872520763","-1.66769262494486","-0.252985512003249","3.33336993784386","-4.99519860794794","-0.78632329442101","6.33693551322982","18.4456429506447","20.3346923691587","3.48802342846857","4.49708516723513","6.01469871133595","9.69718271551842","8.6455774659964","12.7024827905098","8.37242257435142","5.05785464424613","3.6491556533808","1.44786657859639","2.17720276750025","1.6531553058301","4.72321351314125","5.91839654888264","6.11674308707329","5.77318216244282","5.74652378137894","4.49045413125464","6.4906547671219","4.67276354647998","5.74023614562722","4.09814092384286","4.42116836632678","8.06371045697034","-2.57695297761677","1.33104995932025","1.91753224493053","1.69045805604154","2.1495490160917","3.56925942602997","5.09155618304895","5.1042132730291","2.47333774189036","5.13378035159961","0.194772130958171","4.08098922673743","3.7430981204437","1.90914444199674","1.77874589235417","1.44146536528029","0.722113573412514","2.63616761998928","1.8999449899777","1.43224853892525","0.946225111007124","-1.06625957086622",
"ประเทศไทย","THA","มูลค่าเพิ่มของอุตสาหกรรม (คิดเป็น % ของจีดีพี)","NV.IND.TOTL.ZS","18.5164920445915","19.1646535122982","20.9429427190633","21.0270025450935","21.7000284229085","22.8853351691201","22.5055554922633","24.9574526766278","24.9057208928514","24.9366318766508","25.3052909270871","27.0534551269444","27.2780719309906","26.789734391743","26.647563171382","25.7830531369356","27.6190473796468","29.3432460541759","29.5575574994281","30.3453204378178","28.6780618955259","30.099190127795","29.5097608321544","30.5832090485257","31.9753651150936","31.8426886683061","33.0829362710712","33.3431551523104","34.5799853940481","36.2515294432726","37.2247439615822","38.6578814548068","38.0558367027273","36.8548574412289","36.9951939367161","37.2780202266021","37.0812856626692","36.5645997821799","36.1117273377541","36.3788997763176","36.6694083813627","36.3210034946673","36.8944314471526","37.9181748920386","37.9023024950671","38.5052107116361","39.146855883906","39.4313718771557","39.4796129651304","38.6085988884387","39.9217256985357","37.9813982711097","37.343694137461","36.8985884648101","36.7630403655124","36.1791773262667","35.586765405076","35.018759526322","34.7511730463711","33.6016931148297","33.09883639526",
"ประเทศไทย","THA","มูลค่าเพิ่มของการเกษตร (คิดเป็น % ของจีดีพี)","NV.AGR.TOTL.ZS","36.4443804267702","35.8382304747796","34.0027004911291","33.0655231256479","30.6341992934479","31.923245627807","33.4002074220439","29.2437763343072","28.6829270021221","28.6847176406452","25.9158755967296","23.9243808216285","25.338036819162","27.6902292272749","27.0057313583991","26.8710847751989","26.6955264718511","24.783097761103","24.4981552661241","23.9935595031534","23.2398777723942","21.3571007576909","18.548449515227","20.0601739342431","17.5738564214472","15.809370205056","15.6641498962633","15.7334375187687","16.1780589023433","15.075292612001","12.4996278305399","12.6498265961915","12.2973357445063","8.02582929718645","8.62754771501915","9.08122459760424","9.06341649341052","9.06490231003904","10.2592271107015","8.8929952779078","8.49984812084058","8.57928745008654","8.6921781801026","9.44135495796228","9.29111013904814","9.19435528237181","9.40199346621521","9.3476847010693","10.0724338253633","9.78703375942043","10.5221756369849","11.5917917775207","11.5041001535767","11.3222153379773","10.0889216151042","8.87272364786793","8.47807696285562","8.40641258665047","8.18370176504494","8.13693929596524","8.63113973079609",
"ประเทศไทย","THA","การนำเข้าสินค้าและบริการ (คิดเป็น % ของจีดีพี)","NE.IMP.GNFS.ZS","17.4152151604688","17.1100956964585","17.6494174146446","18.3750834140105","18.7752098418968","18.0611430619429","17.9458689900019","20.211460099104","20.681504373308","20.0606046686028","19.3819539327746","18.8129073702317","19.1840095528466","20.0463758043811","23.9555868691652","22.9749434073003","22.7050501184421","25.3776947018713","24.1132726658406","29.2968337778439","30.3676178240556","30.1212848173021","24.6304221770109","27.2732896750569","26.1678823364675","25.9415990492766","23.5690579812313","28.333973501184","34.4015020381158","37.4854054733393","41.6504361196591","42.5068254603993","40.9821700245894","40.9288275572971","43.0068390849776","48.2238298715814","45.2557278008642","46.8147319390868","42.3031708884277","44.2677458429596","56.457704612787","57.01727651688","54.3239904200966","55.1702680716755","61.4400163812742","69.4511499313604","65.4116041579669","61.0009518194692","69.0205934338244","54.8308063628242","60.7643494790272","68.8204978444147","68.7237028804414","65.2911331011204","62.5113602831802","57.2029718819397","53.5043433198287","54.2185949672612","56.0196362510046","50.1441642562359","46.5324048752838",
"ประเทศไทย","THA","การสะสมทุนเบื้องต้น (คิดเป็น % ของจีดีพี)","NE.GDI.TOTL.ZS","14.463657681387","13.9594715986748","16.9879622925769","19.8246416879074","18.5279724196964","18.6351386323248","21.7725482499222","21.9005801824792","23.2715348915602","24.3259156086286","25.5976934382554","24.2086048754609","21.6766609534371","26.9959481723846","26.6350280713694","26.7504134208903","23.985280976874","26.8847578712585","28.1638665867808","27.2052252102184","29.1419241331751","29.6753095180367","26.5165420099713","29.975276320559","29.4731136833054","28.2445805413169","25.8723109118161","27.8747119905774","32.5908899192024","35.0661167116578","41.3537625860488","42.8413775479448","39.9639476511796","39.6561466385326","40.9077848466695","42.8626944049408","42.5326887141045","34.2747292641036","20.0714955249893","20.1734050464464","22.2826056940878","23.1124372100211","22.7441937694577","23.829298673817","25.6814147024811","30.4207508630674","27.0116433930542","25.4960142904031","28.2264349517752","20.6363983767118","25.3566546340746","26.7914582468449","28.0241657146011","27.4571011829666","23.9190195478501","22.3556406383245","21.1054892015174","22.9342956887695","25.1719485444939","23.732184816671","23.880836417428",
"ประเทศไทย","THA","การส่งออกสินค้าและบริการ (คิดเป็น % ของจีดีพี)","NE.EXP.GNFS.ZS","16.1446431981525","17.3354756617247","15.6867628292535","15.1342562160557","17.3548308513556","16.8550951173044","17.6143813054205","18.1616647026205","16.9387679650646","16.0616961458749","15.0203528324978","15.9889178096841","18.1893005505355","18.6028818612765","21.5891829094054","18.3630078077808","20.2352088906559","19.9583639462407","19.8857021002637","22.5711223957188","24.1114477856034","23.8473816394313","22.91790664544","20.1112063674175","21.9013830818501","23.2136293981282","25.6017967005473","28.8940109881547","33.0119684687748","34.9215280475187","34.1319282448808","35.9643095170182","36.9724756680199","36.8172895601126","38.2421139088502","41.532345065243","39.018420197111","48.2370587073887","57.9373028444006","56.4385428614735","64.840250738685","63.250689756653","60.6457526009701","61.522551633189","65.9718573391185","68.402716900887","68.6753420333013","68.8722751702483","71.4164181071068","64.4386124917652","66.4861731592239","70.8549093801611","68.9512356297981","67.1711410731483","68.3941351612178","67.6366902705865","67.0708839693011","66.6728324663767","64.856468486664","59.4875005370431","51.4618602311106",
"ประเทศไทย","THA","ค่าใช้จ่ายทางทหาร (คิดเป็น % ของจีดีพี)","MS.MIL.XPND.GD.ZS","2.46526491293072","2.09767678480583","2.62854679416837","2.61603995299647","2.43002544529262","2.32591933570581","2.16536792266719","2.42681688059839","2.75456024663869","2.99136657073967","3.06529850746269","3.56097640464086","3.47424741298213","2.88224303273153","2.65543855879087","2.79523275748385","3.13142098580169","3.48177335018462","3.9237142330459","4.38091940571985","4.24445494368149","4.0631625186097","4.1203692151208","3.95335883490465","4.06443875433927","4.1891150023663","3.79532821598729","3.36138655753091","2.93350108988332","2.68466712260163","2.59425018891255","2.64502481409377","2.65742287815579","2.52482449877102","2.50238335344718","2.2737823729037","2.15152508135528","2.17392250470724","1.85636828124458","1.62379763252113","1.48823095007459","1.43378743887059","1.34994925105441","1.24212796855366","1.07980692728253","1.04822946909485","1.10116200615096","1.33969774691254","1.53268865982228","1.70375477278593","1.45480792494919","1.48670423190924","1.3814115527433","1.40395688539002","1.40663655346919","1.42658185931741","1.42144012082841","1.38995441916021","1.35757399741359","1.3527078362855","1.47384973855033",
"ประเทศไทย","THA","การเป็นสมาชิกเครือข่ายโทรศัพท์มือถือ (ต่อ 100 คน)","IT.CEL.SETS.P2","0","","","","","0","","","","","0","","","","","0","0","0","0","0","0","0","0","0","0","0","0.001549639","0.01090352","0.031995835","0.071605607","0.111783995","0.215875727","0.433453684","0.708900904","1.252279629","2.182420536","3.067722092","3.622068697","3.210122097","3.755143918","4.854442805","11.88242923","27.23605223","33.48869849","41.48845903","46.56376115","60.96934177","80.04282187","92.9449112","98.63231758","106.7434632","114.7080111","125.3199593","137.7205427","141.8728508","149.8111512","173.5054814","175.5964942","180.1826119","186.1585875","166.6103677",
"ประเทศไทย","THA","เวลาที่ใช้ในการเริ่มต้นธุรกิจ (วัน)","IC.REG.DURS","","","","","","","","","","","","","","","","","","","","","","","","","","","","","","","","","","","","","","","","","","","","35","35","35","35","35","35","34","34","32","31","31","31","31","29","6","6","6","",
"ประเทศไทย","THA","ดัชนีความยากง่ายในการดำเนินธุรกิจ (1 = กฎระเบียบที่เอื้อต่อการทำธุรกิจที่สุด)","IC.BUS.EASE.XQ","","","","","","","","","","","","","","","","","","","","","","","","","","","","","","","","","","","","","","","","","","","","","","","","","","","","","","","","","","","","21","",
"ประเทศไทย","THA","รายได้ ไม่รวมเงินอุดหนุน (คิดเป็น % ของจีดีพี)","GC.REV.XGRT.GD.ZS","","","","","","","","","","","","","12.4315109709639","11.448897063401","13.24104555598","12.552259094174","12.0213562166638","12.7747209553087","12.7412942434509","13.4884598021883","14.3303517533778","14.971407893596","14.0569577344787","15.5470910914006","15.535741094525","15.4336958262138","15.2050867856502","15.1552452088846","16.1202947468375","17.0747095979815","18.526387449594","19.149496594148","17.6352229403759","17.4435393969405","18.0886614314099","18.4787891921831","18.8176873904304","18.4752171300827","16.012134713785","15.4262179878768","15.4733501386637","16.7717568247415","16.1977815770275","18.3092652586297","18.3039542361617","19.6577299136472","18.7448714140908","18.2641241001835","18.8185161341965","17.4396219478319","18.9981068906829","19.8124475584625","18.9380707949502","20.6088719258909","19.6896063669186","20.5444922254343","19.8130554986947","19.1191104831634","19.5175216629623","19.2647845139953","",
"ประเทศไทย","THA","หนี้ของรัฐบาลกลางทั้งหมด (คิดเป็น % ของจีดีพี)","GC.DOD.TOTL.GD.ZS","","","","","","","","","","","","","","","","","","","","","","","","","","","","","","","18.4477538501483","13.3655673362757","10.8789951587465","8.18624353670039","5.69321973711674","4.61009471231839","3.67349745742469","4.64152040948473","10.6698573854214","20.0057789155598","21.9645865139196","24.5783340358589","30.0703562721572","27.0460183720806","24.3963998008709","25.4581282780769","24.3806591494652","22.9934668319175","22.4502172623288","26.7791952036446","26.9008455437265","28.1319763006874","28.4447160238828","34.7818441710121","39.5686432450834","35.2739193421171","","","","","",
"ประเทศไทย","THA","ค่าใช้จ่ายในการวิจัยและพัฒนา (คิดเป็น % ของจีดีพี)","GB.XPD.RSDV.GD.ZS","","","","","","","","","","","","","","","","","","","","","","","","","","","","","","","","","","","","","0.11918","0.10214","","0.24836","0.24471","0.25231","0.23055","0.24534","0.23828","0.21889","0.23271","0.2008","0.20331","0.23455","","0.36146","","0.44164","0.47988","0.61609","0.77817","1.00179","","","",
"ประเทศไทย","THA","เงินเฟ้อและราคาผู้บริโภค (% ต่อปี)","FP.CPI.TOTL.ZG","-0.765864332603765","7.3869900771771","3.69609856262892","0","-0.792079207921096","0.166333998420158","4.03520425067443","4.30965682357134","1.79035960223016","2.45039085983106","-0.0880410855462499","0.484652665370736","4.83776673497442","15.5095497002705","24.3135598335014","5.33009708749864","4.14930555494794","7.60126687769027","7.92408985303786","9.89736596559925","19.703500522778","12.6629930710216","5.25907990316825","3.7265366212408","0.864898430279284","2.43173123433474","1.84167596806049","2.46646112823951","3.86273074733655","5.35546507986217","5.86399474375829","5.70985259891396","4.13914575077055","3.31219168428469","5.04774897680756","5.81818181818193","5.80510554737347","5.62579747129104","7.99472875027459","0.28472645922304","1.59196917460974","1.62690887314089","0.697308976625456","1.80434994635721","2.75914926231081","4.54036919634533","4.63747436011765","2.24154095286803","5.46848949649844","-0.845716092316723","3.24758842443727","3.80879058139634","3.01489950334988","2.18488618530682","1.89514181898783","-0.900424963291544","0.188149704448173","0.66563189313507","1.06389754183022","0.70672860131428","-0.845937147357037",
"ประเทศไทย","THA","การตักตวงน้ำจืดประจำปีทั้งหมด (คิดเป็น % ของทรัพยากรภายในของระบบ)","ER.H2O.FWTL.ZS","","","","","","","","","","","","","","","","","","","","","","","","","","","","","","","","","","","","","","","","","","","","","","","","25.5265033407572","","","","","25.5265033407572","","","","","25.5265033407572","","","",
"ประเทศไทย","THA","การปล่อย CO2 (เมตริกตันต่อหัว)","EN.ATM.CO2E.PC","0.135585750197611","0.146944078387239","0.17313024043751","0.185877685669773","0.242241088540266","0.23415217133353","0.289095663382824","0.360199431572533","0.491478128313138","0.406442650141071","0.416861298878053","0.507018439924053","0.55908272069394","0.608951149166621","0.587753706943028","0.576652057076465","0.66344922121655","0.724218804873757","0.77218985049286","0.791694408077282","0.847193033090423","0.787331461487333","0.769642915185228","0.846114023137358","0.899761150189833","0.935517781464631","0.938135513321463","1.05559222399816","1.22065164163791","1.41453774193362","1.56582080517561","1.70654871777247","1.85846903769653","2.09229790105289","2.31370469182522","2.60243987650888","2.88690256924184","2.90484652976762","2.5280464335669","2.60840662327252","2.59147197943521","2.70431524229377","2.85332586181609","2.95662886493631","3.21269369265038","3.30361647940084","3.31380615305229","3.38686928833165","3.43163440550553","3.30956300398491","3.50502102595918","3.47490569938002","3.71587527554888","3.85152032550116","3.77943792893464","3.8285940704904","3.78012232419006","3.76622871290066","3.71403920358071","","",
"ประเทศไทย","THA","การใช้พลังงาน (กก. เทียบเท่าน้ำมันต่อหัว)","EG.USE.PCAP.KG.OE","","","","","","","","","","","","360.593710553988","367.896396885152","388.633387385192","386.421054621898","409.686108452599","434.213471709953","451.613313662375","458.881165563702","474.405167908538","464.427934518223","460.19772393354","456.55783413025","411.771178661297","446.483100945359","475.492418816181","490.476000377878","532.094207319515","596.266563578491","656.534964598562","741.605460683364","795.840459168712","839.422463102842","877.755498140116","961.753452531644","1041.31146288332","1151.52425096279","1159.1725406197","1073.83282285003","1133.29193805399","1148.24957536729","1170.74452790475","1283.93301899872","1380.50148112621","1481.57250686253","1513.47003721051","1533.99532976542","1590.07591543231","1624.82932011523","1610.68348173924","1753.70249098177","1743.24068117808","1860.31724556039","1991.59308762602","1969.00120089865","","","","","","",
"ประเทศไทย","THA","การใช้พลังงานไฟฟ้า (กิโลวัตต์ชั่วโมงต่อหัว)","EG.USE.ELEC.KH.PC","","","","","","","","","","","","120.326800002529","140.250824184813","161.4807684373","165.784615265275","183.857287620203","206.767276963257","233.617589084947","261.730749742993","278.696385373396","290.578491623219","299.071298055308","320.509898826514","349.045864901691","380.781867142435","405.88617799857","435.012350390774","483.540241966985","538.516696203712","614.948290786396","709.55233437785","792.085318140466","893.376306681987","1008.52324273674","1106.33878143244","1247.71151432674","1380.05550955352","1410.12015332725","1359.07867199638","1358.34580726886","1448.07273290005","1504.75635588052","1617.56621090297","1713.62088166657","1827.23973146183","1914.80124285443","2005.25614115486","2080.24639424966","2105.44020244403","2101.14628726104","2307.8045412643","2283.74854793241","2443.61512695426","2514.75837697233","2538.79571262759","","","","","","",
"ประเทศไทย","THA","หนี้ที่ต้องชำระทั้งหมด (คิดเป็น % ของการส่งออกสินค้า บริการและรายได้หลัก)","DT.TDS.DECT.EX.ZS","","","","","","","","","","","","","","","","11.9534417356432","10.4512423511694","13.6881539782259","21.0706163671957","19.6684578552005","18.8622393661339","20.2649311261506","20.6041519136801","23.9884410722125","25.7064052932917","31.9155122315052","30.1220394462478","21.9405308870924","20.2016872449004","16.3657143130995","16.9231450396407","13.007634978955","13.7667068442324","12.9833883915416","13.4232234145138","11.6036133703737","12.645367132853","15.5172207199351","18.425864098174","21.8077200774255","16.2950040512155","25.3848311218805","23.2454854545216","15.5415875246069","10.9876946194684","13.6969446455772","9.39990478857865","11.7711929101502","7.95853754746868","6.82921006296635","4.70784294195101","3.88678150419178","5.4340758051006","4.84360573552971","8.95081454457124","6.73437223232144","5.06603715711569","4.72282429838875","5.52308394858552","8.08789815197817","6.21206863926655",
"ประเทศไทย","THA","ความช่วยเหลือเพื่อการพัฒนาอย่างเป็นทางการที่ได้รับสุทธิ (เป็น US$ ปัจจุบัน)","DT.ODA.ODAT.CD","43779998.7792969","29340000.1525879","37889999.3896484","36330001.8310547","31850000.3814697","49090000.1525879","44299999.2370605","60209999.0844727","65069999.6948242","68250000","73989997.8637695","62700000.7629395","53650001.5258789","60790000.9155273","70860000.6103516","84510002.1362305","167789993.286133","131029998.779297","255779998.779297","388380004.882813","415980010.986328","404609985.351563","383570007.324219","418440002.441406","451209991.455078","446929992.675781","451880004.882813","459200012.207031","528229980.46875","683640014.648438","793989990.234375","713770019.53125","738650024.414063","581900024.414063","577780029.296875","836380004.882813","831440002.441406","624869995.117188","699840026.855469","1015940002.44141","700669982.910156","284350006.103516","297799987.792969","-938590026.855469","51860000.6103516","-164580001.831055","-214169998.168945","-307230010.986328","-615510009.765625","-31030000.6866455","-20360000.6103516","-134119995.117188","-131369995.117188","28790000.9155273","354510009.765625","58669998.1689453","227779998.779297","250220001.220703","-419350006.103516","-338200012.207031","",
"ประเทศไทย","THA","หุ้นหนี้ต่างประเทศ ทั้งหมด (DOD US$ ปัจจุบัน)","DT.DOD.DECT.CD","","","","","","","","","","","1000572108.9","1079128839.7","1229411687.8","1245690376.2","1600893354.9","1865317539","2325633646.1","3344454730.2","5029137828.5","6644774200.8","8297078410.5","10851629853.4","12237908792.2","13902415140.3","15012831076.9","17545477591.8","18537200102.4","20385283141.7","21763483335.1","23536747458","28165126438.7","37772319224.6","41864442860.1","52717189061.2","65596252733.3","100092684586","112879501380.9","109730690051.9","104943991856.5","96903100977.3","79830056193.2","67296708658.9","62922110903.3","58452984709.5","58416708560.4","58466721297.5","62493469252.2","62779007038","66618742797.7","80824068117.8","106357878658.6","115440130154.4","148243531120.8","151652727277.6","146033719707.9","132186050433","139220295850.1","161647488029.7","172494315942.3","179772659996.2","204146618941.7",
"ประเทศไทย","THA","มูลค่าหลักทรัพย์ตามราคาตลาดของบริษัทจดทะเบียน (คิดเป็น % ของจีดีพี)","CM.MKT.LCAP.GD.ZS","","","","","","","","","","","","","","","","","","","","","","","","","","","","","","31.9512521196084","23.9663764687054","38.7532121112491","51.3923960140467","99.4022243635983","86.6492351636853","82.8678656199453","52.8299229280404","15.2391234611522","30.1317448371208","45.1385271351193","23.1164519710759","29.8788303209298","33.882406235534","78.1564685930056","66.7398592768024","65.4373067029873","63.2045544241608","74.970526807694","35.3926766909699","62.8148835114204","81.4212299531326","72.4042505774259","98.0375445641304","84.3062021615221","105.667792724022","86.9177937980555","104.739146822773","120.255733201508","98.8413122938314","104.586834201412","108.276980321419",
"ประเทศไทย","THA","การโอนเงินส่วนบุคคล ที่ได้รับ (เป็น US$ ปัจจุบัน)","BX.TRF.PWKR.CD.DT","","","","","","","","","","","","","","","","18450120.93","24019487.38","45048793.79","104392875.7","188640701.3","383128845.2","477864776.6","618736022.9","846039184.6","893287170.4","877258728","795232543.9","841855346.7","926754028.3","943207946.8","973244506.8","1019360107","444564971.9","1111689453","1280921387","1695279817.21427","1805949705.36302","1658406238.36594","1424466819.78866","1460133613.76863","1696785433.37549","1252447488.20915","1379995429.498","1607350389.40425","1621875956.8177","1187020000","1333360000","1634850000","1898410000","3808000000","4433160000","5255620000","5656788795","6584860455.04827","6524114891.68417","5894665233.42878","6270025972.10662","6720117053.70659","7466081911.79321","8162162551.48331","8256962268.44208",
"ประเทศไทย","THA","การลงทุนโดยตรงระหว่างต่างประเทศ  ไหลเข้าสุทธิ (ดุลการชำระเงิน US$ ปัจจุบัน)","BX.KLT.DINV.CD.WD","","","","","","","","","","","42802884.6","38865384.6","68610576.9","77833711.6","188288646.4","85626229.2045746","79117247.8919088","106077896.182212","55653209.3150277","55280864.5720976","189859432.271733","290555396.431713","190868602.226724","349606931.777924","401019248.882659","163200657.950608","262504153.775044","351932497.41629","1105370109.53568","1775449345.30598","2443549743.00901","2013985971.10096","2113021867.31996","1804040984.75618","1366440824.95193","2067936429.29445","2335837474.93166","3894755071.04504","7314804931.33013","6102677671.18095","3365987582.5831","5067170388.09022","3341612007.23692","5232270340.1941","5860255942.60102","8215637195.30001","8917470351.2","8633903440.6","8561557724.60001","6411458544.60001","14746672919.6","2473685995.7","12899036062.7558","15935960664.8073","4975455660.4459","8927579182.16217","3486184390.30069","8285169819.69135","13186328517.835","4790362174.60779","-4845358538.21073",
"ประเทศไทย","THA","พื้นที่หน้าดิน (ตร.กม.)","AG.SRF.TOTL.K2","","513120","513120","513120","513120","513120","513120","513120","513120","513120","513120","513120","513120","513120","513120","513120","513120","513120","513120","513120","513120","513120","513120","513120","513120","513120","513120","513120","513120","513120","513120","513120","513120","513120","513120","513120","513120","513120","513120","513120","513120","513120","513120","513120","513120","513120","513120","513120","513120","513120","513120","513120","513120","513120","513120","513120","513120","513120","513120","","",
"ประเทศไทย","THA","พื้นที่ป่าไม้ (ตร.กม.)","AG.LND.FRST.K2","","","","","","","","","","","","","","","","","","","","","","","","","","","","","","","193610","193247","192884","192521","192158","191795","191432","191069","190706","190343","189980","191055","192130","193205","194280","195355","196430","197505","198580","199655","200730","200706","200682","200658","200634","200610","200170","199810","199450","199090","198730",
"ประเทศไทย","THA","ที่ดินเพื่อเกษตรกรรม (คิดเป็น % ของที่ดิน)","AG.LND.AGRI.ZS","","22.8092152909628","23.4492747949656","24.3888116815753","24.8390064397424","25.3283485681849","25.8568380669029","26.3461801953454","26.8159486386502","27.2465697116796","27.8885865841962","28.1841492297755","29.8107224647184","31.474485701423","33.0462526179804","33.7058858071209","34.3479026796375","35.1641253498796","35.9686038090391","36.6067059445282","37.0686449137779","37.8574644248273","38.7147918338586","38.9477186869972","39.247196069604","40.2767719078471","40.6643308735736","41.5745072324767","41.750670398716","41.7643719783124","41.8544109299458","42.1147409422772","41.8367946133218","41.5842940750455","41.3396230108242","41.5157861770636","40.8365793027853","40.0125271584881","39.2491534381178","39.1806455401358","38.8224471021159","38.8107028910333","38.5386286676192","38.2743839182603","38.2763412867741","38.3839965550314","38.5601597212707","38.7558965726477","39.2452387010903","40.8678971990057","41.222180899998","41.222180899998","42.7880757110141","43.2774178394566","43.2774178394566","43.2774178394566","43.2774178394566","43.2774178394566","43.2774178394566","","",
